{
  "epoch": [
    1,
    2,
    3,
    4,
    5,
    6,
    7,
    8,
    9,
    10,
    11,
    12,
    13,
    14,
    15,
    16,
    17,
    18,
    19,
    20,
    21,
    22,
    23,
    24,
    25,
    26,
    27,
    28,
    29,
    30
  ],
  "train_loss": [
    529325.3125,
    534562.1875,
    534321.0625,
    500006.5,
    530577.125,
    528768.9375,
    501087.3125,
    496190.25,
    528014.6875,
    497439.28125,
    495651.46875,
    526847.625,
    495700.78125,
    525456.125,
    526018.5,
    495857.75,
    494041.09375,
    524310.1875,
    524037.5,
    523289.3125,
    520938.90625,
    521230.34375,
    519057.40625,
    487197.25,
    488212.40625,
    518575.65625,
    487232.09375,
    487385.125,
    520041.84375,
    516187.125
  ],
  "bombay_f1": [
    0.8,
    0.79,
    0.79,
    0.79,
    0.79,
    0.78,
    0.83,
    0.83,
    0.83,
    0.84,
    0.84,
    0.83,
    0.84,
    0.84,
    0.84,
    0.84,
    0.83,
    0.84,
    0.84,
    0.84,
    0.84,
    0.84,
    0.84,
    0.84,
    0.84,
    0.84,
    0.84,
    0.84,
    0.84,
    0.84
  ],
  "googleplus_f1": [
    0.44,
    0.42,
    0.42,
    0.43,
    0.42,
    0.43,
    0.41,
    0.41,
    0.4,
    0.4,
    0.41,
    0.39,
    0.41,
    0.4,
    0.39,
    0.41,
    0.41,
    0.41,
    0.4,
    0.4,
    0.41,
    0.41,
    0.41,
    0.39,
    0.39,
    0.39,
    0.39,
    0.39,
    0.41,
    0.41
  ],
  "ub_f1": [
    0.81,
    0.72,
    0.68,
    0.65,
    0.64,
    0.61,
    0.63,
    0.6,
    0.6,
    0.61,
    0.59,
    0.6,
    0.53,
    0.49,
    0.5,
    0.54,
    0.53,
    0.53,
    0.57,
    0.56,
    0.53,
    0.53,
    0.51,
    0.48,
    0.52,
    0.52,
    0.51,
    0.51,
    0.51,
    0.51
  ],
  "avg_f1": [
    0.6833333333333332,
    0.6433333333333333,
    0.63,
    0.6233333333333334,
    0.6166666666666667,
    0.6066666666666666,
    0.6233333333333334,
    0.6133333333333333,
    0.61,
    0.6166666666666667,
    0.6133333333333333,
    0.6066666666666666,
    0.5933333333333334,
    0.5766666666666667,
    0.5766666666666667,
    0.5966666666666667,
    0.59,
    0.5933333333333334,
    0.6033333333333334,
    0.6,
    0.5933333333333334,
    0.5933333333333334,
    0.5866666666666667,
    0.57,
    0.5833333333333334,
    0.5833333333333334,
    0.58,
    0.58,
    0.5866666666666667,
    0.5866666666666667
  ]
}