{
  "epoch": [
    1,
    2
  ],
  "train_loss": [
    8.705191735298403,
    8.016660921035275
  ],
  "bombay_f1": [
    0.07,
    0.1
  ],
  "googleplus_f1": [
    0.03,
    0.03
  ],
  "ub_f1": [
    0.2,
    0.2
  ],
  "avg_f1": [
    0.10000000000000002,
    0.11
  ]
}